timestamp,inside_temp,outside_temp,cooling_level,mode
2026-08-28 17:18:19.771153,4.65,,0,ML_CONTROL
2026-08-28 17:18:24.472606,5.76,,0,ML_CONTROL
2026-08-28 17:18:29.485029,4.38,,0,ML_CONTROL
2026-08-28 17:18:34.478387,4.62,,0,ML_CONTROL
2026-08-28 17:18:39.483498,5.55,,0,ML_CONTROL
2026-08-28 17:18:44.483791,4.99,,0,ML_CONTROL
2026-08-28 17:18:49.487189,5.66,,0,ML_CONTROL
2026-08-28 17:18:54.491039,4.82,,0,ML_CONTROL
2026-08-28 17:18:59.493219,4.68,,0,ML_CONTROL
2026-08-28 17:19:04.524242,4.58,,0,ML_CONTROL
2026-08-28 17:19:09.496404,5.33,,0,ML_CONTROL
2026-08-28 17:19:14.500194,4.25,,0,ML_CONTROL
2026-08-28 17:19:19.501167,5.77,,0,ML_CONTROL
2026-08-28 17:19:24.501276,4.65,,0,ML_CONTROL
2026-08-28 17:19:29.505637,5.66,,0,ML_CONTROL
2026-08-28 17:19:34.505083,4.37,,0,ML_CONTROL
2026-08-28 17:19:39.509116,5.32,,0,ML_CONTROL
2026-08-28 17:19:44.510096,4.53,,0,ML_CONTROL
2026-08-28 17:19:49.511069,4.41,,0,ML_CONTROL
2026-08-28 17:19:54.515400,5.63,,0,ML_CONTROL
2026-08-28 17:19:59.515214,4.72,,0,ML_CONTROL
2026-08-28 17:20:04.524055,4.37,,0,ML_CONTROL
2026-08-28 17:20:09.521118,4.69,,0,ML_CONTROL
2026-08-28 17:20:14.524052,5.22,,0,ML_CONTROL
2026-08-28 17:20:19.526101,5.69,,0,ML_CONTROL
2026-08-28 17:20:24.530096,5.36,,0,ML_CONTROL
2026-08-28 17:20:29.530557,4.35,,0,ML_CONTROL
2026-08-28 17:20:34.534159,4.96,,0,ML_CONTROL
2026-08-28 17:20:39.534112,4.03,,0,ML_CONTROL
2026-08-28 17:20:44.538453,5.32,,0,ML_CONTROL
2026-08-28 17:20:49.539223,5.96,,0,ML_CONTROL
2026-08-28 17:20:54.541038,4.31,,0,ML_CONTROL
2026-08-28 17:20:59.544744,4.56,,0,ML_CONTROL
2026-08-28 17:21:04.544329,5.38,,0,ML_CONTROL
2026-08-28 17:21:09.548331,5.71,,0,ML_CONTROL
2026-08-28 17:21:14.550294,4.78,,0,ML_CONTROL
2026-08-28 17:21:19.551205,4.48,,0,ML_CONTROL
2026-08-28 17:21:24.555262,4.11,,0,ML_CONTROL
2026-08-28 17:21:29.557325,5.41,,0,ML_CONTROL
2026-08-28 17:21:34.558004,4.34,,0,ML_CONTROL
2026-08-28 17:21:39.561221,5.49,,0,ML_CONTROL
2026-08-28 17:21:44.561127,4.4,,0,ML_CONTROL
2026-08-28 17:21:49.565124,4.95,,0,ML_CONTROL
2026-08-28 17:21:54.568289,4.01,,0,ML_CONTROL
2026-08-28 17:21:59.568166,4.28,,0,ML_CONTROL
2026-08-28 17:22:04.577009,5.16,,0,ML_CONTROL
2026-08-28 17:22:09.572137,5.46,,0,ML_CONTROL
2026-08-28 17:22:14.572252,5.31,,0,ML_CONTROL
2026-08-28 17:22:19.576127,4.65,,0,ML_CONTROL
2026-08-28 17:22:24.577136,4.77,,0,ML_CONTROL
2026-08-28 17:22:29.580108,5.35,,0,ML_CONTROL
2026-08-28 17:22:34.583109,4.11,,0,ML_CONTROL
2026-08-28 17:22:39.584025,4.15,,0,ML_CONTROL
2026-08-28 17:22:44.588790,5.15,,0,ML_CONTROL
2026-08-28 17:22:49.590112,5.91,,0,ML_CONTROL
2026-08-28 17:22:54.592417,4.35,,0,ML_CONTROL
2026-08-28 17:22:59.595328,5.26,,0,ML_CONTROL
2026-08-28 17:23:04.623081,4.77,,0,ML_CONTROL
2026-08-28 17:23:09.599113,4.8,,0,ML_CONTROL
2026-08-28 17:23:14.602651,4.88,,0,ML_CONTROL
2026-08-28 17:23:19.602594,4.36,,0,ML_CONTROL
2026-08-28 17:23:24.606142,4.63,,0,ML_CONTROL
2026-08-28 17:23:29.606079,5.05,,0,ML_CONTROL
2026-08-28 17:23:34.611037,4.5,,0,ML_CONTROL
2026-08-28 17:23:39.612153,4.79,,0,ML_CONTROL
2026-08-28 17:23:44.613153,4.86,,0,ML_CONTROL
2026-08-28 17:23:49.613230,5.72,,0,ML_CONTROL
2026-08-28 17:23:54.616060,5.6,,0,ML_CONTROL
2026-08-28 17:23:59.619276,4.58,,0,ML_CONTROL
2026-08-28 17:24:04.623297,5.94,,0,ML_CONTROL
2026-08-28 17:24:09.622031,4.75,,0,ML_CONTROL
2026-08-28 17:24:14.627193,4.66,,0,ML_CONTROL
2026-08-28 17:24:19.627215,5.93,,0,ML_CONTROL
2026-08-28 17:24:24.627358,5.23,,0,ML_CONTROL
2026-08-28 17:24:29.631859,4.19,,0,ML_CONTROL
2026-08-28 17:24:34.631045,5.75,,0,ML_CONTROL
2026-08-28 17:24:39.635219,4.73,,0,ML_CONTROL
2026-08-28 17:24:44.636113,5.7,,0,ML_CONTROL
2026-08-28 17:24:49.636162,5.86,,0,ML_CONTROL
2026-08-28 17:24:54.644605,5.98,,0,ML_CONTROL
2026-08-28 17:24:59.644170,4.49,,0,ML_CONTROL
2026-08-28 17:25:04.648063,4.71,,0,ML_CONTROL
2026-08-28 17:25:09.652126,5.98,,0,ML_CONTROL
2026-08-28 17:25:14.652079,5.18,,0,ML_CONTROL
2026-08-28 17:25:19.652228,5.85,,0,ML_CONTROL
2026-08-28 17:25:24.657081,4.1,,0,ML_CONTROL
2026-08-28 17:25:29.656822,5.33,,0,ML_CONTROL
2026-08-28 17:25:34.657164,4.89,,0,ML_CONTROL
2026-08-28 17:25:39.660038,4.6,,0,ML_CONTROL
2026-08-28 17:25:44.664030,5.49,,0,ML_CONTROL
2026-08-28 17:25:49.665854,5.78,,0,ML_CONTROL
2026-08-28 17:25:54.665392,4.69,,0,ML_CONTROL
2026-08-28 17:25:59.669049,4.62,,0,ML_CONTROL
2026-08-28 17:26:04.676393,5.57,,0,ML_CONTROL
2026-08-28 17:26:09.670287,4.58,,0,ML_CONTROL
2026-08-28 17:26:14.674141,4.39,,0,ML_CONTROL
2026-08-28 17:26:19.674147,5.45,,0,ML_CONTROL
2026-08-28 17:26:24.678146,4.07,,0,ML_CONTROL
2026-08-28 17:26:29.680115,4.74,,0,ML_CONTROL
2026-08-28 17:26:34.681050,4.24,,0,ML_CONTROL
2026-08-28 17:26:39.685066,4.6,,0,ML_CONTROL
2026-08-28 17:26:44.685754,5.11,,0,ML_CONTROL
2026-08-28 17:26:49.685475,5.08,,0,ML_CONTROL
2026-08-28 17:26:54.689272,5.3,,0,ML_CONTROL
2026-08-28 17:26:59.689383,4.29,,0,ML_CONTROL
2026-08-28 17:27:04.692570,5.35,,0,ML_CONTROL
2026-08-28 17:27:09.693685,4.33,,0,ML_CONTROL
2026-08-28 17:27:14.695042,4.33,,0,ML_CONTROL
2026-08-28 17:27:19.693797,5.68,,0,ML_CONTROL
2026-08-28 17:27:24.694946,5.15,,0,ML_CONTROL
2026-08-28 17:27:29.699030,5.4,,0,ML_CONTROL
2026-08-28 17:27:34.700167,5.67,,0,ML_CONTROL
2026-08-28 17:27:39.701126,5.23,,0,ML_CONTROL
2026-08-28 17:27:44.705543,5.81,,0,ML_CONTROL
2026-08-28 17:27:49.705176,4.75,,0,ML_CONTROL
2026-08-28 17:27:54.710073,6.0,,0,ML_CONTROL
2026-08-28 17:27:59.711062,4.04,,0,ML_CONTROL
2026-08-28 17:28:04.712023,5.8,,0,ML_CONTROL
2026-08-28 17:28:09.715953,4.15,,0,ML_CONTROL
2026-08-28 17:28:14.716081,5.76,,0,ML_CONTROL
2026-08-28 17:28:19.716916,4.38,,0,ML_CONTROL
2026-08-28 17:28:24.720005,4.7,,0,ML_CONTROL
2026-08-28 17:28:29.720004,4.71,,0,ML_CONTROL
2026-08-28 17:28:34.724089,5.76,,0,ML_CONTROL
2026-08-28 17:28:39.726069,4.27,,0,ML_CONTROL
2026-08-28 17:28:44.726082,4.23,,0,ML_CONTROL
2026-08-28 17:28:49.726814,5.81,,0,ML_CONTROL
2026-08-28 17:28:54.729036,4.33,,0,ML_CONTROL
2026-08-28 17:28:59.729228,4.3,,0,ML_CONTROL
2026-08-28 17:29:04.776537,5.41,,0,ML_CONTROL
2026-08-28 17:29:09.733021,5.51,,0,ML_CONTROL
2026-08-28 17:29:14.737608,5.25,,0,ML_CONTROL
2026-08-28 17:29:19.737308,5.13,,0,ML_CONTROL
2026-08-28 17:29:24.738033,5.92,,0,ML_CONTROL
2026-08-28 17:29:29.742047,4.26,,0,ML_CONTROL
2026-08-28 17:29:34.742236,4.69,,0,ML_CONTROL
2026-08-28 17:29:39.746950,4.22,,0,ML_CONTROL
2026-08-28 17:29:44.748025,5.2,,0,ML_CONTROL
2026-08-28 17:29:49.748264,4.39,,0,ML_CONTROL
2026-08-28 17:29:54.752058,4.07,,0,ML_CONTROL
2026-08-28 17:29:59.752272,4.73,,0,ML_CONTROL
2026-08-28 17:30:04.823138,5.56,,0,ML_CONTROL
2026-08-28 17:30:09.756051,5.38,,0,ML_CONTROL
2026-08-28 17:30:14.756235,5.36,,0,ML_CONTROL
2026-08-28 17:30:19.756834,4.81,,0,ML_CONTROL
2026-08-28 17:30:24.756976,5.58,,0,ML_CONTROL
2026-08-28 17:30:29.757016,4.64,,0,ML_CONTROL
2026-08-28 17:30:34.757912,4.61,,0,ML_CONTROL
2026-08-28 17:30:39.758197,5.72,,0,ML_CONTROL
2026-08-28 17:30:44.758788,6.0,,0,ML_CONTROL
2026-08-28 17:30:49.758365,4.15,,0,ML_CONTROL
2026-08-28 17:30:54.758973,4.14,,0,ML_CONTROL
2026-08-28 17:30:59.759925,5.64,,0,ML_CONTROL
2026-08-28 17:31:04.760945,4.18,,0,ML_CONTROL
2026-08-28 17:31:09.760927,4.18,,0,ML_CONTROL
2026-08-28 17:31:14.763045,4.71,,0,ML_CONTROL
2026-08-28 17:31:19.763006,4.26,,0,ML_CONTROL
2026-08-28 17:31:24.764086,4.03,,0,ML_CONTROL
2026-08-28 17:31:29.797284,4.23,,0,ML_CONTROL
2026-08-28 17:31:34.765986,5.95,,0,ML_CONTROL
2026-08-28 17:31:39.766411,5.24,,0,ML_CONTROL
2026-08-28 17:31:44.767100,5.26,,0,ML_CONTROL
2026-08-28 17:31:49.767854,4.85,,0,ML_CONTROL
2026-08-28 17:31:54.767334,4.68,,0,ML_CONTROL
2026-08-28 17:31:59.769119,4.42,,0,ML_CONTROL
2026-08-28 17:32:04.774185,5.6,,0,ML_CONTROL
2026-08-28 17:32:09.775037,5.8,,0,ML_CONTROL
2026-08-28 17:32:14.774936,4.63,,0,ML_CONTROL
2026-08-28 17:32:19.774215,4.56,,0,ML_CONTROL
2026-08-28 17:32:24.776811,5.14,,0,ML_CONTROL
2026-08-28 17:32:29.780681,4.81,,0,ML_CONTROL
2026-08-28 17:32:34.783187,4.56,,0,ML_CONTROL
2026-08-28 17:32:39.785398,4.06,,0,ML_CONTROL
2026-08-28 17:32:44.789000,4.62,,0,ML_CONTROL
2026-08-28 17:32:49.790508,5.26,,0,ML_CONTROL
2026-08-28 17:32:54.789532,5.72,,0,ML_CONTROL
2026-08-28 17:32:59.793044,5.28,,0,ML_CONTROL
2026-08-28 17:33:04.793987,5.21,,0,ML_CONTROL
2026-08-28 17:33:09.798974,5.24,,0,ML_CONTROL
2026-08-28 17:33:14.803052,4.48,,0,ML_CONTROL
2026-08-28 17:33:19.803159,4.07,,0,ML_CONTROL
2026-08-28 17:33:24.804594,5.16,,0,ML_CONTROL
2026-08-28 17:33:29.807050,4.39,,0,ML_CONTROL
2026-08-28 17:33:34.810944,4.22,,0,ML_CONTROL
2026-08-28 17:33:39.811643,5.43,,0,ML_CONTROL
2026-08-28 17:33:44.811898,4.1,,0,ML_CONTROL
2026-08-28 17:33:49.814040,5.32,,0,ML_CONTROL
2026-08-28 17:33:54.815950,4.57,,0,ML_CONTROL
2026-08-28 17:33:59.816476,5.17,,0,ML_CONTROL
2026-08-28 17:34:04.817155,4.92,,0,ML_CONTROL
2026-08-28 17:34:09.818040,5.48,,0,ML_CONTROL
2026-08-28 17:34:14.828042,4.08,,0,ML_CONTROL
2026-08-28 17:34:19.820326,5.12,,0,ML_CONTROL
2026-08-28 17:34:24.821033,5.05,,0,ML_CONTROL
2026-08-28 17:34:29.825009,5.06,,0,ML_CONTROL
2026-08-28 17:34:34.826002,5.69,,0,ML_CONTROL
2026-08-28 17:34:39.830003,5.07,,0,ML_CONTROL
2026-08-28 17:34:44.841562,5.26,,0,ML_CONTROL
2026-08-28 17:34:49.832372,4.73,,0,ML_CONTROL
2026-08-28 17:34:54.836880,4.66,,0,ML_CONTROL
2026-08-28 17:34:59.838253,5.68,,0,ML_CONTROL
2026-08-28 17:35:04.838703,5.1,,0,ML_CONTROL
2026-08-28 17:35:09.843072,5.38,,0,ML_CONTROL
2026-08-28 17:35:14.845053,4.32,,0,ML_CONTROL
2026-08-28 17:35:19.845291,4.42,,0,ML_CONTROL
2026-08-28 17:35:24.850214,4.08,,0,ML_CONTROL
2026-08-28 17:35:29.850060,5.24,,0,ML_CONTROL
2026-08-28 17:35:34.855192,5.93,,0,ML_CONTROL
2026-08-28 17:35:39.855099,5.42,,0,ML_CONTROL
2026-08-28 17:35:44.871482,5.09,,0,ML_CONTROL
2026-08-28 17:35:49.871308,5.85,,0,ML_CONTROL
2026-08-28 17:35:54.871908,4.57,,0,ML_CONTROL
2026-08-28 17:35:59.874916,5.25,,0,ML_CONTROL
2026-08-28 17:36:04.923221,4.67,,0,ML_CONTROL
2026-08-28 17:36:09.878486,4.92,,0,ML_CONTROL
2026-08-28 17:36:14.882079,5.03,,0,ML_CONTROL
2026-08-28 17:36:19.882265,5.64,,0,ML_CONTROL
2026-08-28 17:36:24.887504,4.29,,0,ML_CONTROL
2026-08-28 17:36:29.888270,5.97,,0,ML_CONTROL
2026-08-28 17:36:34.888996,6.0,,0,ML_CONTROL
2026-08-28 17:36:39.893027,5.35,,0,ML_CONTROL
2026-08-28 17:36:44.892984,4.97,,0,ML_CONTROL
2026-08-28 17:36:49.893315,5.43,,0,ML_CONTROL
2026-08-28 17:36:54.896924,4.2,,0,ML_CONTROL
2026-08-28 17:36:59.897032,5.59,,0,ML_CONTROL
2026-08-28 17:37:04.901281,4.63,,0,ML_CONTROL
2026-08-28 17:37:09.902003,4.34,,0,ML_CONTROL
2026-08-28 17:37:14.902296,4.24,,0,ML_CONTROL
2026-08-28 17:37:19.902664,5.82,,0,ML_CONTROL
2026-08-28 17:37:24.902710,5.99,,0,ML_CONTROL
2026-08-28 17:37:29.909832,5.69,,0,ML_CONTROL
2026-08-28 17:37:34.909909,5.88,,0,ML_CONTROL
2026-08-28 17:37:39.913035,5.26,,0,ML_CONTROL
2026-08-28 17:37:44.917318,5.81,,0,ML_CONTROL
2026-08-28 17:37:49.917372,5.58,,0,ML_CONTROL
2026-08-28 17:37:54.920903,5.84,,0,ML_CONTROL
2026-08-28 17:37:59.922913,5.89,,0,ML_CONTROL
2026-08-28 17:38:04.924228,4.99,,0,ML_CONTROL
2026-08-28 17:38:09.928955,4.77,,0,ML_CONTROL
2026-08-28 17:38:14.931126,4.81,,0,ML_CONTROL
2026-08-28 17:38:19.931404,5.64,,0,ML_CONTROL
2026-08-28 17:38:24.935255,5.31,,0,ML_CONTROL
2026-08-28 17:38:29.939237,5.84,,0,ML_CONTROL
2026-08-28 17:38:34.941018,5.88,,0,ML_CONTROL
2026-08-28 17:38:39.946387,5.1,,0,ML_CONTROL
2026-08-28 17:38:44.947281,4.26,,0,ML_CONTROL
2026-08-28 17:38:49.947297,5.23,,0,ML_CONTROL
2026-08-28 17:38:54.950341,5.8,,0,ML_CONTROL
2026-08-28 17:38:59.953976,5.19,,0,ML_CONTROL
2026-08-28 17:39:04.955857,4.34,,0,ML_CONTROL
2026-08-28 17:39:09.960008,4.62,,0,ML_CONTROL
2026-08-28 17:39:14.962014,4.1,,0,ML_CONTROL
2026-08-28 17:39:19.962302,4.74,,0,ML_CONTROL
2026-08-28 17:39:24.966939,5.9,,0,ML_CONTROL
2026-08-28 17:39:29.969236,4.15,,0,ML_CONTROL
2026-08-28 17:39:34.969901,4.75,,0,ML_CONTROL
2026-08-28 17:39:39.975039,5.49,,0,ML_CONTROL
2026-08-28 17:39:44.976035,4.61,,0,ML_CONTROL
2026-08-28 17:39:49.978766,5.31,,0,ML_CONTROL
2026-08-28 17:39:54.980021,4.27,,0,ML_CONTROL
2026-08-28 17:39:59.985029,5.79,,0,ML_CONTROL
2026-08-28 17:40:04.987031,5.92,,0,ML_CONTROL
2026-08-28 17:40:09.991941,4.33,,0,ML_CONTROL
2026-08-28 17:40:14.994043,5.56,,0,ML_CONTROL
2026-08-28 17:40:19.995224,5.77,,0,ML_CONTROL
2026-08-28 17:40:24.999217,5.01,,0,ML_CONTROL
2026-08-28 17:40:30.002952,5.64,,0,ML_CONTROL
2026-08-28 17:40:35.002132,5.65,,0,ML_CONTROL
2026-08-28 17:40:40.006285,5.48,,0,ML_CONTROL
2026-08-28 17:40:45.009016,5.78,,0,ML_CONTROL
2026-08-28 17:40:50.010074,5.19,,0,ML_CONTROL
2026-08-28 17:40:55.013977,5.14,,0,ML_CONTROL
2026-08-28 17:41:00.015892,4.57,,0,ML_CONTROL
2026-08-28 17:41:05.016743,4.97,,0,ML_CONTROL
2026-08-28 17:41:10.019033,4.98,,0,ML_CONTROL
2026-08-28 17:41:15.022003,5.98,,0,ML_CONTROL
2026-08-28 17:41:20.022320,5.24,,0,ML_CONTROL
2026-08-28 17:41:25.022947,4.48,,0,ML_CONTROL
2026-08-28 17:41:30.023668,5.48,,0,ML_CONTROL
2026-08-28 17:41:35.023149,4.9,,0,ML_CONTROL
2026-08-28 17:41:40.025901,5.82,,0,ML_CONTROL
2026-08-28 17:41:45.030997,5.39,,0,ML_CONTROL
2026-08-28 17:41:50.032974,5.75,,0,ML_CONTROL
2026-08-28 17:41:55.037867,5.69,,0,ML_CONTROL
2026-08-28 17:42:00.039951,5.42,,0,ML_CONTROL
2026-08-28 17:42:05.045342,4.09,,0,ML_CONTROL
2026-08-28 17:42:10.048310,5.08,,0,ML_CONTROL
2026-08-28 17:42:15.058701,4.27,,0,ML_CONTROL
2026-08-28 17:42:20.053523,4.73,,0,ML_CONTROL
2026-08-28 17:42:25.058050,5.25,,0,ML_CONTROL
2026-08-28 17:42:30.059038,4.33,,0,ML_CONTROL
2026-08-28 17:42:35.062915,5.51,,0,ML_CONTROL
2026-08-28 17:42:40.065838,5.41,,0,ML_CONTROL
2026-08-28 17:42:45.070380,5.94,,0,ML_CONTROL
2026-08-28 17:42:50.071217,5.88,,0,ML_CONTROL
2026-08-28 17:42:55.074991,5.53,,0,ML_CONTROL
2026-08-28 17:43:00.075018,4.32,,0,ML_CONTROL
2026-08-28 17:43:05.076556,4.41,,0,ML_CONTROL
2026-08-28 17:43:10.079896,5.16,,0,ML_CONTROL
2026-08-28 17:43:15.084137,4.77,,0,ML_CONTROL
2026-08-28 17:43:20.084399,5.63,,0,ML_CONTROL
2026-08-28 17:43:25.088886,5.5,,0,ML_CONTROL
2026-08-28 17:43:30.090920,4.16,,0,ML_CONTROL
2026-08-28 17:43:35.094991,4.88,,0,ML_CONTROL
2026-08-28 17:43:40.097910,5.34,,0,ML_CONTROL
2026-08-28 17:43:45.100919,4.52,,0,ML_CONTROL
2026-08-28 17:43:50.101483,4.02,,0,ML_CONTROL
2026-08-28 17:43:55.106420,5.75,,0,ML_CONTROL
2026-08-28 17:44:00.108185,4.91,,0,ML_CONTROL
2026-08-28 17:44:05.112945,4.92,,0,ML_CONTROL
2026-08-28 17:44:10.114364,5.37,,0,ML_CONTROL
2026-08-28 17:44:15.118020,4.73,,0,ML_CONTROL
2026-08-28 17:44:20.157994,4.92,,0,ML_CONTROL
2026-08-28 17:44:25.120370,4.67,,0,ML_CONTROL
2026-08-28 17:44:30.126034,5.82,,0,ML_CONTROL
2026-08-28 17:44:35.128989,4.45,,0,ML_CONTROL
2026-08-28 17:44:40.133411,4.06,,0,ML_CONTROL
2026-08-28 17:44:45.134795,4.45,,0,ML_CONTROL
2026-08-28 17:44:50.134464,4.52,,0,ML_CONTROL
2026-08-28 17:44:55.139032,5.88,,0,ML_CONTROL
2026-08-28 17:45:00.138944,5.62,,0,ML_CONTROL
2026-08-28 17:45:05.142875,5.42,,0,ML_CONTROL
2026-08-28 17:45:10.146852,5.69,,0,ML_CONTROL
2026-08-28 17:45:15.149919,5.51,,0,ML_CONTROL
2026-08-28 17:45:20.152030,5.12,,0,ML_CONTROL
2026-08-28 17:45:25.154926,4.51,,0,ML_CONTROL
2026-08-28 17:45:30.156004,4.95,,0,ML_CONTROL
2026-08-28 17:45:35.159869,4.7,,0,ML_CONTROL
2026-08-28 17:45:40.163838,5.9,,0,ML_CONTROL
2026-08-28 17:45:45.167909,4.6,,0,ML_CONTROL
2026-08-28 17:45:50.168447,4.38,,0,ML_CONTROL
2026-08-28 17:45:55.172916,5.36,,0,ML_CONTROL
2026-08-28 17:46:00.174376,4.23,,0,ML_CONTROL
2026-08-28 17:46:05.179412,5.64,,0,ML_CONTROL
2026-08-28 17:46:10.181901,4.89,,0,ML_CONTROL
2026-08-28 17:46:15.185884,5.94,,0,ML_CONTROL
2026-08-28 17:46:20.186545,4.12,,0,ML_CONTROL
2026-08-28 17:46:25.190482,5.66,,0,ML_CONTROL
2026-08-28 17:46:30.193026,4.8,,0,ML_CONTROL
2026-08-28 17:46:35.196900,5.16,,0,ML_CONTROL
2026-08-28 17:46:40.198045,4.51,,0,ML_CONTROL
2026-08-28 17:46:45.202852,5.85,,0,ML_CONTROL
2026-08-28 17:46:50.203866,4.53,,0,ML_CONTROL
2026-08-28 17:46:55.209480,5.11,,0,ML_CONTROL
2026-08-28 17:47:00.211281,4.38,,0,ML_CONTROL
2026-08-28 17:47:05.215835,4.13,,0,ML_CONTROL
2026-08-28 17:47:10.217873,5.73,,0,ML_CONTROL
2026-08-28 17:47:15.224382,4.4,,0,ML_CONTROL
2026-08-28 17:47:20.223596,4.08,,0,ML_CONTROL
2026-08-28 17:47:25.228029,4.84,,0,ML_CONTROL
2026-08-28 17:47:30.229936,4.49,,0,ML_CONTROL
2026-08-28 17:47:35.233924,4.28,,0,ML_CONTROL
2026-08-28 17:47:40.238051,5.64,,0,ML_CONTROL
2026-08-28 17:47:45.241005,5.02,,0,ML_CONTROL
2026-08-28 17:47:50.241548,5.84,,0,ML_CONTROL
2026-08-28 17:47:55.246127,4.69,,0,ML_CONTROL
2026-08-28 17:48:00.247797,4.91,,0,ML_CONTROL
2026-08-28 17:48:05.253231,5.39,,0,ML_CONTROL
2026-08-28 17:48:10.254865,4.18,,0,ML_CONTROL
2026-08-28 17:48:15.259837,4.75,,0,ML_CONTROL
2026-08-28 17:48:20.260074,5.3,,0,ML_CONTROL
2026-08-28 17:48:25.264940,4.48,,0,ML_CONTROL
2026-08-28 17:48:30.265100,5.17,,0,ML_CONTROL
2026-08-28 17:48:35.269019,4.25,,0,ML_CONTROL
2026-08-28 17:48:40.271891,5.12,,0,ML_CONTROL
2026-08-28 17:48:45.275949,4.23,,0,ML_CONTROL
2026-08-28 17:48:50.276924,5.9,,0,ML_CONTROL
2026-08-28 17:48:55.282587,5.07,,0,ML_CONTROL
2026-08-28 17:49:00.283893,5.2,,0,ML_CONTROL
2026-08-28 17:49:05.288864,5.75,,0,ML_CONTROL
2026-08-28 17:49:10.290935,4.87,,0,ML_CONTROL
2026-08-28 17:49:15.296037,5.26,,0,ML_CONTROL
2026-08-28 17:49:20.296906,5.21,,0,ML_CONTROL
2026-08-28 17:49:25.301864,4.75,,0,ML_CONTROL
2026-08-28 17:49:30.304335,4.51,,0,ML_CONTROL
2026-08-28 17:49:35.309039,4.31,,0,ML_CONTROL
2026-08-28 17:49:40.309930,5.53,,0,ML_CONTROL
2026-08-28 17:49:45.314878,4.25,,0,ML_CONTROL
2026-08-28 17:49:50.315874,4.51,,0,ML_CONTROL
2026-08-28 17:49:55.320946,4.72,,0,ML_CONTROL
2026-08-28 17:50:00.322937,5.24,,0,ML_CONTROL
2026-08-28 17:50:05.327940,5.2,,0,ML_CONTROL
2026-08-28 17:50:10.332022,5.73,,0,ML_CONTROL
2026-08-28 17:50:15.332226,4.73,,0,ML_CONTROL
2026-08-28 17:50:20.331992,5.78,,0,ML_CONTROL
2026-08-28 17:50:25.336348,4.61,,0,ML_CONTROL
2026-08-28 17:50:30.339007,4.78,,0,ML_CONTROL
2026-08-28 17:50:35.342874,4.0,,0,ML_CONTROL
2026-08-28 17:50:40.345847,4.08,,0,ML_CONTROL
2026-08-28 17:50:45.349979,4.43,,0,ML_CONTROL
2026-08-28 17:50:50.350620,4.23,,0,ML_CONTROL
2026-08-28 17:50:55.355063,4.85,,0,ML_CONTROL
2026-08-28 17:51:00.357225,5.13,,0,ML_CONTROL
2026-08-28 17:51:05.362014,4.53,,0,ML_CONTROL
2026-08-28 17:51:10.364062,4.35,,0,ML_CONTROL
2026-08-28 17:51:15.368923,4.62,,0,ML_CONTROL
2026-08-28 17:51:20.369613,5.34,,0,ML_CONTROL
2026-08-28 17:51:25.374127,5.0,,0,ML_CONTROL
2026-08-28 17:51:30.376022,4.03,,0,ML_CONTROL
2026-08-28 17:51:35.380868,4.41,,0,ML_CONTROL
2026-08-28 17:51:40.381897,4.19,,0,ML_CONTROL
2026-08-28 17:51:45.387248,5.58,,0,ML_CONTROL
2026-08-28 17:51:50.387659,5.89,,0,ML_CONTROL
2026-08-28 17:51:55.392095,5.18,,0,ML_CONTROL
2026-08-28 17:52:00.392266,4.93,,0,ML_CONTROL
2026-08-28 17:52:05.397056,4.9,,0,ML_CONTROL
2026-08-28 17:52:10.399031,4.67,,0,ML_CONTROL
2026-08-28 17:52:15.432422,4.42,,0,ML_CONTROL
2026-08-28 17:52:20.404624,4.03,,0,ML_CONTROL
2026-08-28 17:52:25.409020,5.48,,0,ML_CONTROL
2026-08-28 17:52:30.411877,4.38,,0,ML_CONTROL
2026-08-28 17:52:35.413354,4.04,,0,ML_CONTROL
2026-08-28 17:52:40.417195,5.76,,0,ML_CONTROL
2026-08-28 17:52:45.420478,5.62,,0,ML_CONTROL
2026-08-28 17:52:50.420817,4.41,,0,ML_CONTROL
2026-08-28 17:52:55.424952,5.37,,0,ML_CONTROL
2026-08-28 17:53:00.427916,5.51,,0,ML_CONTROL
2026-08-28 17:53:05.430243,5.28,,0,ML_CONTROL
2026-08-28 17:53:10.435474,5.81,,0,ML_CONTROL
2026-08-28 17:53:15.436827,5.88,,0,ML_CONTROL
2026-08-28 17:53:20.437860,5.89,,0,ML_CONTROL
2026-08-28 17:53:25.442896,5.77,,0,ML_CONTROL
2026-08-28 17:53:30.444981,4.75,,0,ML_CONTROL
2026-08-28 17:53:35.450003,5.72,,0,ML_CONTROL
2026-08-28 17:53:40.451923,5.03,,0,ML_CONTROL
2026-08-28 17:53:45.457656,4.48,,0,ML_CONTROL
2026-08-28 17:53:50.457706,4.06,,0,ML_CONTROL
2026-08-28 17:53:55.461925,5.25,,0,ML_CONTROL
2026-08-28 17:54:00.463851,4.65,,0,ML_CONTROL
2026-08-28 17:54:05.468171,5.77,,0,ML_CONTROL
2026-08-28 17:54:10.470908,4.34,,0,ML_CONTROL
2026-08-28 17:54:15.474552,5.15,,0,ML_CONTROL
2026-08-28 17:54:20.476106,5.76,,0,ML_CONTROL
2026-08-28 17:54:25.478992,5.17,,0,ML_CONTROL
2026-08-28 17:54:30.483076,5.63,,0,ML_CONTROL
2026-08-28 17:54:35.485729,5.96,,0,ML_CONTROL
2026-08-28 17:54:40.485096,5.08,,0,ML_CONTROL
2026-08-28 17:54:45.484879,4.77,,0,ML_CONTROL
2026-08-28 17:54:50.485183,5.5,,0,ML_CONTROL
2026-08-28 17:54:55.485435,4.48,,0,ML_CONTROL
2026-08-28 17:55:00.487191,4.78,,0,ML_CONTROL
2026-08-28 17:55:05.487378,5.44,,0,ML_CONTROL
2026-08-28 17:55:10.487272,5.16,,0,ML_CONTROL
2026-08-28 17:55:15.487062,4.42,,0,ML_CONTROL
2026-08-28 17:55:20.488040,5.77,,0,ML_CONTROL
2026-08-28 17:55:25.487184,4.45,,0,ML_CONTROL
2026-08-28 17:55:30.487038,4.16,,0,ML_CONTROL
2026-08-28 17:55:35.487690,4.27,,0,ML_CONTROL
2026-08-28 17:55:40.487663,4.42,,0,ML_CONTROL
2026-08-28 17:55:45.487530,4.26,,0,ML_CONTROL
2026-08-28 17:55:50.487599,5.61,,0,ML_CONTROL
2026-08-28 17:55:55.487515,5.23,,0,ML_CONTROL
2026-08-28 17:56:00.487176,5.93,,0,ML_CONTROL
2026-08-28 17:56:05.486944,5.69,,0,ML_CONTROL
2026-08-28 17:56:10.487234,5.82,,0,ML_CONTROL
2026-08-28 17:56:15.487164,4.63,,0,ML_CONTROL
2026-08-28 17:56:20.487586,4.67,,0,ML_CONTROL
2026-08-28 17:56:25.486979,5.66,,0,ML_CONTROL
2026-08-28 17:56:30.487685,4.93,,0,ML_CONTROL
2026-08-28 17:57:59.009662,4.96,,0,ML_CONTROL
2026-08-28 17:58:03.709585,5.94,,0,ML_CONTROL
2026-08-28 17:58:08.710322,5.25,,0,ML_CONTROL
2026-08-28 17:58:13.714316,4.77,,0,ML_CONTROL
2026-08-28 17:58:18.715374,4.04,,0,ML_CONTROL
2026-08-28 17:58:23.717037,5.15,,0,ML_CONTROL
2026-08-28 17:58:28.719697,5.88,,0,ML_CONTROL
2026-08-28 17:58:33.720329,5.68,,0,ML_CONTROL
2026-08-28 17:58:38.723384,5.46,,0,ML_CONTROL
2026-08-28 17:58:43.726461,5.54,,0,ML_CONTROL
2026-08-28 17:58:48.727209,4.27,,0,ML_CONTROL
2026-08-28 17:58:53.031273,4.93,,0,ML_CONTROL
2026-08-28 17:58:53.730254,4.44,,0,ML_CONTROL
2026-08-28 17:58:57.735714,4.72,,0,ML_CONTROL
2026-08-28 17:59:02.741457,5.27,,0,ML_CONTROL
2026-08-28 17:59:07.742369,5.63,,0,ML_CONTROL
2026-08-28 17:59:12.745222,4.77,,0,ML_CONTROL
2026-08-28 17:59:17.745820,5.3,,0,ML_CONTROL
2026-08-28 17:59:22.748111,5.41,,0,ML_CONTROL
2026-08-28 17:59:27.750688,4.27,,0,ML_CONTROL
2026-08-28 17:59:32.754292,5.9,,0,ML_CONTROL
2026-08-28 17:59:37.756271,5.31,,0,ML_CONTROL
2026-08-28 17:59:42.759187,5.67,,0,ML_CONTROL
2026-08-28 17:59:47.762100,5.58,,0,ML_CONTROL
2026-08-28 17:59:52.764224,5.7,,0,ML_CONTROL
2026-08-28 17:59:57.767299,5.34,,0,ML_CONTROL
2026-08-28 18:00:02.769335,4.85,,0,ML_CONTROL
2026-08-28 18:00:07.772153,5.13,,0,ML_CONTROL
2026-08-28 18:00:12.775029,5.7,,0,ML_CONTROL
2026-08-28 18:00:17.778453,5.87,,0,ML_CONTROL
2026-08-28 18:00:22.781030,5.76,,0,ML_CONTROL
2026-08-28 18:00:27.784091,4.94,,0,ML_CONTROL
2026-08-28 18:00:32.787198,5.41,,0,ML_CONTROL
2026-08-28 18:00:37.790055,4.01,,0,ML_CONTROL
2026-08-28 18:00:42.792133,5.65,,0,ML_CONTROL
2026-08-28 18:00:47.795051,5.58,,0,ML_CONTROL
2026-08-28 18:00:52.797010,5.08,,0,ML_CONTROL
2026-08-28 18:00:57.800103,4.74,,0,ML_CONTROL
2026-08-28 18:01:02.803053,5.5,,0,ML_CONTROL
2026-08-28 18:01:07.806792,5.07,,0,ML_CONTROL
2026-08-28 18:01:12.809075,4.12,,0,ML_CONTROL
2026-08-28 18:01:17.812038,5.86,,0,ML_CONTROL
2026-08-28 18:01:22.816119,4.54,,0,ML_CONTROL
2026-08-28 18:01:27.818756,4.49,,0,ML_CONTROL
2026-08-28 18:01:32.821997,4.97,,0,ML_CONTROL
2026-08-28 18:01:37.825156,4.2,,0,ML_CONTROL
2026-08-28 18:01:42.828134,5.8,,0,ML_CONTROL
2026-08-28 18:01:47.830074,5.63,,0,ML_CONTROL
2026-08-28 18:01:52.833035,5.47,,0,ML_CONTROL
2026-08-28 18:01:57.834128,4.55,,0,ML_CONTROL
2026-08-28 18:02:02.837062,5.62,,0,ML_CONTROL
2026-08-28 18:02:07.839252,4.46,,0,ML_CONTROL
2026-08-28 18:02:12.842179,4.33,,0,ML_CONTROL
2026-08-28 18:02:17.853806,5.32,,0,ML_CONTROL
2026-08-28 18:02:22.844276,4.29,,0,ML_CONTROL
2026-08-28 18:02:27.850172,4.26,,0,ML_CONTROL
2026-08-28 18:02:32.850198,4.27,,0,ML_CONTROL
2026-08-28 18:02:37.853978,5.67,,0,ML_CONTROL
2026-08-28 18:02:42.855141,4.24,,0,ML_CONTROL
2026-08-28 18:02:47.858121,4.01,,0,ML_CONTROL
2026-08-28 18:02:52.858382,4.08,,0,ML_CONTROL
2026-08-28 18:02:57.859904,5.19,,0,ML_CONTROL
2026-08-28 18:03:02.863370,5.25,,0,ML_CONTROL
2026-08-28 18:03:07.865060,5.71,,0,ML_CONTROL
2026-08-28 18:03:12.868006,4.56,,0,ML_CONTROL
2026-08-28 18:03:17.869442,5.96,,0,ML_CONTROL
2026-08-28 18:03:22.869110,5.12,,0,ML_CONTROL
2026-08-28 18:03:27.873125,5.53,,0,ML_CONTROL
2026-08-28 18:03:32.875125,5.15,,0,ML_CONTROL
2026-08-28 18:03:37.878446,4.35,,0,ML_CONTROL
2026-08-28 18:03:42.881093,4.87,,0,ML_CONTROL
2026-08-28 18:03:47.887747,5.73,,0,ML_CONTROL
2026-08-28 18:03:52.885229,5.42,,0,ML_CONTROL
2026-08-28 18:03:57.889072,4.41,,0,ML_CONTROL
2026-08-28 18:04:02.891018,4.32,,0,ML_CONTROL
2026-08-28 18:04:07.895162,4.42,,0,ML_CONTROL
2026-08-28 18:04:12.897137,5.88,,0,ML_CONTROL
2026-08-28 18:04:17.901403,5.09,,0,ML_CONTROL
2026-08-28 18:04:22.900402,5.65,,0,ML_CONTROL
2026-08-28 18:04:27.904048,5.69,,0,ML_CONTROL
2026-08-28 18:04:32.907058,4.76,,0,ML_CONTROL
2026-08-28 18:04:37.909666,4.1,,0,ML_CONTROL
2026-08-28 18:04:42.913097,4.06,,0,ML_CONTROL
2026-08-28 18:04:47.916647,5.86,,0,ML_CONTROL
2026-08-28 18:04:52.916818,4.02,,0,ML_CONTROL
2026-08-28 18:04:57.919943,5.6,,0,ML_CONTROL
2026-08-28 18:05:02.923100,4.15,,0,ML_CONTROL
2026-08-28 18:05:07.926028,5.03,,0,ML_CONTROL
2026-08-28 18:05:12.928000,5.72,,0,ML_CONTROL
2026-08-28 18:05:17.932070,4.16,,0,ML_CONTROL
2026-08-28 18:05:22.932100,4.53,,0,ML_CONTROL
2026-08-28 18:05:27.936427,4.45,,0,ML_CONTROL
2026-08-28 18:05:32.938067,5.92,,0,ML_CONTROL
2026-08-28 18:05:37.941216,6.0,,0,ML_CONTROL
2026-08-28 18:05:42.943004,5.49,,0,ML_CONTROL
2026-08-28 18:05:47.946953,5.97,,0,ML_CONTROL
2026-08-28 18:05:52.947087,5.14,,0,ML_CONTROL
2026-08-28 18:05:57.951192,4.17,,0,ML_CONTROL
2026-08-28 18:06:02.952909,4.92,,0,ML_CONTROL
2026-08-28 18:06:07.956148,5.05,,0,ML_CONTROL
2026-08-28 18:06:12.959302,4.12,,0,ML_CONTROL
2026-08-28 18:06:17.961883,5.55,,0,ML_CONTROL
2026-08-28 18:06:22.974081,5.06,,0,ML_CONTROL
2026-08-28 18:06:27.965691,4.44,,0,ML_CONTROL
2026-08-28 18:06:32.968019,5.11,,0,ML_CONTROL
2026-08-28 18:06:37.971923,4.05,,0,ML_CONTROL
2026-08-28 18:06:42.974010,4.33,,0,ML_CONTROL
2026-08-28 18:06:47.977649,4.82,,0,ML_CONTROL
2026-08-28 18:06:52.977858,5.13,,0,ML_CONTROL
2026-08-28 18:06:57.982606,4.51,,0,ML_CONTROL
2026-08-28 18:07:02.984023,4.84,,0,ML_CONTROL
2026-08-28 18:07:07.985127,4.2,,0,ML_CONTROL
2026-08-28 18:07:12.988920,5.26,,0,ML_CONTROL
2026-08-28 18:07:17.990980,4.6,,0,ML_CONTROL
2026-08-28 18:07:22.991081,4.88,,0,ML_CONTROL
2026-08-28 18:07:27.994999,4.55,,0,ML_CONTROL
2026-08-28 18:07:32.997040,5.33,,0,ML_CONTROL
2026-08-28 18:07:37.999928,5.03,,0,ML_CONTROL
2026-08-28 18:07:43.003405,5.53,,0,ML_CONTROL
2026-08-28 18:07:48.007257,5.22,,0,ML_CONTROL
2026-08-28 18:07:53.007163,4.96,,0,ML_CONTROL
2026-08-28 18:07:58.009906,4.55,,0,ML_CONTROL
2026-08-28 18:08:03.012947,4.9,,0,ML_CONTROL
2026-08-28 18:08:08.016039,4.83,,0,ML_CONTROL
2026-08-28 18:08:13.018920,5.83,,0,ML_CONTROL
2026-08-28 18:08:18.023025,5.09,,0,ML_CONTROL
2026-08-28 18:08:23.023059,4.18,,0,ML_CONTROL
2026-08-28 18:08:28.026925,5.8,,0,ML_CONTROL
2026-08-28 18:08:33.027370,6.0,,0,ML_CONTROL
2026-08-28 18:08:38.031342,4.31,,0,ML_CONTROL
2026-08-28 18:08:43.033065,5.85,,0,ML_CONTROL
2026-08-28 18:08:48.035131,4.74,,0,ML_CONTROL
2026-08-28 18:08:53.035446,4.82,,0,ML_CONTROL
2026-08-28 18:08:58.038872,4.7,,0,ML_CONTROL
2026-08-28 18:09:03.041997,5.69,,0,ML_CONTROL
2026-08-28 18:09:08.048308,4.25,,0,ML_CONTROL
2026-08-28 18:09:13.048126,5.83,,0,ML_CONTROL
2026-08-28 18:09:18.052249,4.47,,0,ML_CONTROL
2026-08-28 18:09:23.052040,5.47,,0,ML_CONTROL
2026-08-28 18:09:28.056042,5.97,,0,ML_CONTROL
2026-08-28 18:09:33.056876,5.22,,0,ML_CONTROL
2026-08-28 18:09:38.061778,5.13,,0,ML_CONTROL
2026-08-28 18:09:43.076390,4.81,,0,ML_CONTROL
2026-08-28 18:09:48.066833,4.73,,0,ML_CONTROL
2026-08-28 18:09:53.067177,5.08,,0,ML_CONTROL
2026-08-28 18:09:58.070907,5.12,,0,ML_CONTROL
2026-08-28 18:10:03.072899,4.72,,0,ML_CONTROL
2026-08-28 18:10:08.077100,4.29,,0,ML_CONTROL
2026-08-28 18:10:13.078911,5.54,,0,ML_CONTROL
2026-08-28 18:10:18.082835,4.97,,0,ML_CONTROL
2026-08-28 18:10:23.085044,5.35,,0,ML_CONTROL
2026-08-28 18:10:28.085895,5.61,,0,ML_CONTROL
2026-08-28 18:10:33.089871,5.81,,0,ML_CONTROL
2026-08-28 18:10:38.091867,4.56,,0,ML_CONTROL
2026-08-28 18:10:43.095917,5.31,,0,ML_CONTROL
2026-08-28 18:10:48.097890,4.07,,0,ML_CONTROL
2026-08-28 18:10:53.098186,4.17,,0,ML_CONTROL
2026-08-28 18:10:58.102145,4.21,,0,ML_CONTROL
2026-08-28 18:11:03.102783,5.86,,0,ML_CONTROL
2026-08-28 18:11:08.106902,5.99,,0,ML_CONTROL
2026-08-28 18:11:13.109111,4.29,,0,ML_CONTROL
2026-08-28 18:11:18.112887,4.63,,0,ML_CONTROL
2026-08-28 18:11:23.113111,4.71,,0,ML_CONTROL
2026-08-28 18:11:28.116912,5.61,,0,ML_CONTROL
2026-08-28 18:11:33.117827,4.77,,0,ML_CONTROL
2026-08-28 18:11:38.122027,5.65,,0,ML_CONTROL
2026-08-28 18:11:43.123082,5.92,,0,ML_CONTROL
2026-08-28 18:11:48.126874,5.38,,0,ML_CONTROL
2026-08-28 18:11:53.127183,4.69,,0,ML_CONTROL
2026-08-28 18:11:58.131334,5.88,,0,ML_CONTROL
2026-08-28 18:12:03.133782,5.5,,0,ML_CONTROL
2026-08-28 18:12:08.137141,4.17,,0,ML_CONTROL
2026-08-28 18:12:13.139887,4.67,,0,ML_CONTROL
2026-08-28 18:12:18.140209,5.87,,0,ML_CONTROL
2026-08-28 18:12:23.140457,5.72,,0,ML_CONTROL
2026-08-28 18:12:28.142811,4.45,,0,ML_CONTROL
2026-08-28 18:12:33.146846,4.58,,0,ML_CONTROL
2026-08-28 18:12:38.148873,4.36,,0,ML_CONTROL
2026-08-28 18:12:43.223405,5.48,,0,ML_CONTROL
2026-08-28 18:12:48.154918,4.83,,0,ML_CONTROL
2026-08-28 18:12:53.155225,4.67,,0,ML_CONTROL
2026-08-28 18:12:58.158841,4.05,,0,ML_CONTROL
2026-08-28 18:13:03.160901,4.75,,0,ML_CONTROL
2026-08-28 18:13:08.161179,4.17,,0,ML_CONTROL
2026-08-28 18:13:13.166038,5.45,,0,ML_CONTROL
2026-08-28 18:13:18.168304,5.44,,0,ML_CONTROL
2026-08-28 18:13:23.168080,5.68,,0,ML_CONTROL
2026-08-28 18:13:28.171531,5.94,,0,ML_CONTROL
2026-08-28 18:13:33.173797,4.23,,0,ML_CONTROL
2026-08-28 18:13:38.177837,4.04,,0,ML_CONTROL
2026-08-28 18:13:43.181286,4.35,,0,ML_CONTROL
2026-08-28 18:13:48.184891,4.31,,0,ML_CONTROL
2026-08-28 18:13:53.185202,4.31,,0,ML_CONTROL
2026-08-28 18:13:58.187791,5.98,,0,ML_CONTROL
2026-08-28 18:14:03.191515,4.71,,0,ML_CONTROL
2026-08-28 18:14:08.191844,5.55,,0,ML_CONTROL
2026-08-28 18:14:13.194849,4.57,,0,ML_CONTROL
2026-08-28 18:14:18.198940,4.29,,0,ML_CONTROL
2026-08-28 18:14:23.198200,4.69,,0,ML_CONTROL
2026-08-28 18:14:28.199915,4.85,,0,ML_CONTROL
2026-08-28 18:14:33.203931,5.89,,0,ML_CONTROL
2026-08-28 18:14:38.205899,4.19,,0,ML_CONTROL
2026-08-28 18:14:43.223382,5.15,,0,ML_CONTROL
2026-08-28 18:14:48.210829,5.46,,0,ML_CONTROL
2026-08-28 18:14:53.211228,4.41,,0,ML_CONTROL
2026-08-28 18:14:58.214781,5.5,,0,ML_CONTROL
2026-08-28 18:15:03.216766,5.91,,0,ML_CONTROL
2026-08-28 18:15:08.221682,4.74,,0,ML_CONTROL
2026-08-28 18:15:13.221443,4.27,,0,ML_CONTROL
2026-08-28 18:15:18.224877,4.68,,0,ML_CONTROL
2026-08-28 18:15:23.225327,5.29,,0,ML_CONTROL
2026-08-28 18:15:28.227729,5.11,,0,ML_CONTROL
2026-08-28 18:15:33.229979,4.92,,0,ML_CONTROL
2026-08-28 18:15:38.230673,5.86,,0,ML_CONTROL
2026-08-28 18:15:43.234879,5.96,,0,ML_CONTROL
2026-08-28 18:15:48.236458,5.21,,0,ML_CONTROL
2026-08-28 18:15:53.236691,4.53,,0,ML_CONTROL
2026-08-28 18:15:58.239771,4.82,,0,ML_CONTROL
2026-08-28 18:16:03.242865,4.72,,0,ML_CONTROL
2026-08-28 18:16:08.245815,4.41,,0,ML_CONTROL
2026-08-28 18:16:13.250034,4.03,,0,ML_CONTROL
2026-08-28 18:16:18.250743,5.21,,0,ML_CONTROL
2026-08-28 18:16:23.251247,4.69,,0,ML_CONTROL
2026-08-28 18:16:28.252807,4.89,,0,ML_CONTROL
2026-08-28 18:16:33.256752,4.16,,0,ML_CONTROL
2026-08-28 18:16:38.257863,4.09,,0,ML_CONTROL
2026-08-28 18:16:43.264790,4.32,,0,ML_CONTROL
2026-08-28 18:16:48.269443,5.56,,0,ML_CONTROL
2026-08-28 18:16:53.269888,4.83,,0,ML_CONTROL
2026-08-28 18:16:58.273814,4.72,,0,ML_CONTROL
2026-08-28 18:17:03.276947,4.8,,0,ML_CONTROL
2026-08-28 18:17:08.279792,5.7,,0,ML_CONTROL
2026-08-28 18:17:13.283678,4.58,,0,ML_CONTROL
2026-08-28 18:17:18.286285,4.83,,0,ML_CONTROL
2026-08-28 18:17:23.286423,5.55,,0,ML_CONTROL
2026-08-28 18:17:28.289777,4.35,,0,ML_CONTROL
2026-08-28 18:17:33.292914,4.34,,0,ML_CONTROL
2026-08-28 18:17:38.293381,4.88,,0,ML_CONTROL
2026-08-28 18:17:43.297190,5.95,,0,ML_CONTROL
2026-08-28 18:17:48.300757,4.33,,0,ML_CONTROL
2026-08-28 18:17:53.301070,5.56,,0,ML_CONTROL
2026-08-28 18:17:58.303775,4.49,,0,ML_CONTROL
2026-08-28 18:18:03.306788,5.35,,0,ML_CONTROL
2026-08-28 18:18:08.309773,4.96,,0,ML_CONTROL
2026-08-28 18:18:13.310781,4.84,,0,ML_CONTROL
2026-08-28 18:18:18.314780,4.47,,0,ML_CONTROL
2026-08-28 18:18:23.315659,4.53,,0,ML_CONTROL
2026-08-28 18:18:28.320088,4.45,,0,ML_CONTROL
2026-08-28 18:18:33.322786,4.33,,0,ML_CONTROL
2026-08-28 18:18:38.324080,4.14,,0,ML_CONTROL
2026-08-28 18:18:43.323116,5.4,,0,ML_CONTROL
2026-08-28 18:18:48.326820,4.23,,0,ML_CONTROL
2026-08-28 18:18:53.327371,5.34,,0,ML_CONTROL
2026-08-28 18:18:58.330755,5.12,,0,ML_CONTROL
2026-08-28 18:19:03.333816,4.24,,0,ML_CONTROL
2026-08-28 18:19:08.336933,5.89,,0,ML_CONTROL
2026-08-28 18:19:13.339850,5.28,,0,ML_CONTROL
2026-08-28 18:19:18.342594,4.25,,0,ML_CONTROL
2026-08-28 18:19:23.342831,4.5,,0,ML_CONTROL
2026-08-28 18:19:28.346788,5.5,,0,ML_CONTROL
2026-08-28 18:19:33.362272,5.15,,0,ML_CONTROL
2026-08-28 18:19:38.352077,4.4,,0,ML_CONTROL
2026-08-28 18:19:43.423978,4.78,,0,ML_CONTROL
2026-08-28 18:19:48.356116,4.9,,0,ML_CONTROL
2026-08-28 18:19:53.356248,5.83,,0,ML_CONTROL
2026-08-28 18:19:58.359719,4.98,,0,ML_CONTROL
2026-08-28 18:20:03.361664,5.08,,0,ML_CONTROL
2026-08-28 18:20:08.363443,4.71,,0,ML_CONTROL
2026-08-28 18:20:13.366709,5.49,,0,ML_CONTROL
2026-08-28 18:20:18.369633,4.7,,0,ML_CONTROL
2026-08-28 18:20:23.371244,4.04,,0,ML_CONTROL
2026-08-28 18:20:28.370318,4.42,,0,ML_CONTROL
2026-08-28 18:20:33.370569,4.4,,0,ML_CONTROL
2026-08-28 18:20:38.370090,4.42,,0,ML_CONTROL
2026-08-28 18:20:43.423209,4.62,,0,ML_CONTROL
2026-08-28 18:20:48.370659,5.55,,0,ML_CONTROL
2026-08-28 18:20:53.394041,5.02,,0,ML_CONTROL
2026-08-28 18:20:58.370954,5.34,,0,ML_CONTROL
2026-08-28 18:21:03.371075,4.16,,0,ML_CONTROL
2026-08-28 18:21:08.371304,5.45,,0,ML_CONTROL
2026-08-28 18:21:13.371672,5.46,,0,ML_CONTROL
2026-08-28 18:21:18.372660,4.66,,0,ML_CONTROL
2026-08-28 18:21:23.373402,4.68,,0,ML_CONTROL
2026-08-28 18:21:28.373589,5.71,,0,ML_CONTROL
2026-08-28 18:21:33.374638,5.26,,0,ML_CONTROL
2026-08-28 18:21:38.375036,4.19,,0,ML_CONTROL
2026-08-28 18:21:43.423845,4.16,,0,ML_CONTROL
2026-08-28 18:21:48.375166,4.97,,0,ML_CONTROL
2026-08-28 18:21:53.374893,5.07,,0,ML_CONTROL
2026-08-28 18:21:58.375091,4.16,,0,ML_CONTROL
2026-08-28 18:22:03.375152,4.12,,0,ML_CONTROL
2026-08-28 18:22:08.374768,5.45,,0,ML_CONTROL
2026-08-28 18:22:13.375211,5.13,,0,ML_CONTROL
2026-08-28 18:22:18.375095,4.49,,0,ML_CONTROL
2026-08-28 18:22:23.376037,5.59,,0,ML_CONTROL
2026-08-28 18:22:28.376700,4.15,,0,ML_CONTROL
2026-08-28 18:22:33.377232,4.11,,0,ML_CONTROL
2026-08-28 18:22:38.376721,5.33,,0,ML_CONTROL
2026-08-28 18:22:43.376708,5.46,,0,ML_CONTROL
2026-08-28 18:22:48.376645,5.67,,0,ML_CONTROL
2026-08-28 18:22:53.376888,5.66,,0,ML_CONTROL
2026-08-28 18:22:58.377158,4.02,,0,ML_CONTROL
2026-08-28 18:23:03.377524,5.37,,0,ML_CONTROL
2026-08-28 18:23:08.378535,5.35,,0,ML_CONTROL
2026-08-28 18:23:13.380023,4.14,,0,ML_CONTROL
2026-08-28 18:23:18.379719,5.96,,0,ML_CONTROL
2026-08-28 18:23:23.379679,5.36,,0,ML_CONTROL
2026-08-28 18:23:28.380168,5.77,,0,ML_CONTROL
2026-08-28 18:23:33.380025,4.23,,0,ML_CONTROL
2026-08-28 18:23:38.379908,4.49,,0,ML_CONTROL
2026-08-28 18:23:43.380449,4.26,,0,ML_CONTROL
2026-08-28 18:23:48.380791,5.01,,0,ML_CONTROL
2026-08-28 18:23:53.381377,4.28,,0,ML_CONTROL
2026-08-28 18:23:58.383039,5.72,,0,ML_CONTROL
2026-08-28 18:24:03.383120,4.44,,0,ML_CONTROL
2026-08-28 18:24:08.383202,4.04,,0,ML_CONTROL
2026-08-28 18:24:13.383367,5.26,,0,ML_CONTROL
2026-08-28 18:24:18.382911,5.89,,0,ML_CONTROL
2026-08-28 18:24:23.382908,5.67,,0,ML_CONTROL
2026-08-28 18:24:28.383378,4.2,,0,ML_CONTROL
2026-08-28 18:24:33.386362,5.99,,0,ML_CONTROL
2026-08-28 18:24:38.389459,4.38,,0,ML_CONTROL
2026-08-28 18:24:43.423080,5.72,,0,ML_CONTROL
2026-08-28 18:24:48.395347,5.57,,0,ML_CONTROL
2026-08-28 18:24:53.397041,6.0,,0,ML_CONTROL
2026-08-28 18:24:58.398781,5.86,,0,ML_CONTROL
2026-08-28 18:25:03.400377,5.0,,0,ML_CONTROL
2026-08-28 18:25:08.403381,5.43,,0,ML_CONTROL
2026-08-28 18:25:13.405266,4.43,,0,ML_CONTROL
2026-08-28 18:25:18.408989,5.36,,0,ML_CONTROL
2026-08-28 18:25:23.409143,5.65,,0,ML_CONTROL
2026-08-28 18:25:28.411259,5.51,,0,ML_CONTROL
2026-08-28 18:25:33.415255,4.24,,0,ML_CONTROL
2026-08-28 18:25:38.415855,4.31,,0,ML_CONTROL
2026-08-28 18:25:43.423076,5.06,,0,ML_CONTROL
2026-08-28 18:25:48.420070,5.0,,0,ML_CONTROL
2026-08-28 18:25:53.420038,5.35,,0,ML_CONTROL
2026-08-28 18:25:58.423403,6.0,,0,ML_CONTROL
2026-08-28 18:26:03.426205,5.65,,0,ML_CONTROL
2026-08-28 18:26:08.433301,4.88,,0,ML_CONTROL
2026-08-28 18:26:13.431020,4.63,,0,ML_CONTROL
2026-08-28 18:26:18.435502,5.75,,0,ML_CONTROL
2026-08-28 18:26:23.436218,4.27,,0,ML_CONTROL
2026-08-28 18:26:28.440147,5.3,,0,ML_CONTROL
2026-08-28 18:26:33.442199,5.6,,0,ML_CONTROL
2026-08-28 18:26:38.442812,4.36,,0,ML_CONTROL
2026-08-28 18:26:43.523073,4.46,,0,ML_CONTROL
2026-08-28 18:26:48.450197,5.41,,0,ML_CONTROL
2026-08-28 18:26:53.450874,4.32,,0,ML_CONTROL
2026-08-28 18:26:58.454844,5.73,,0,ML_CONTROL
2026-08-28 18:27:03.457171,4.8,,0,ML_CONTROL
2026-08-28 18:27:08.462208,5.94,,0,ML_CONTROL
2026-08-28 18:27:13.474043,4.93,,0,ML_CONTROL
2026-08-28 18:27:18.467205,4.5,,0,ML_CONTROL
2026-08-28 18:27:23.467737,4.91,,0,ML_CONTROL
2026-08-28 18:27:28.472230,4.91,,0,ML_CONTROL
2026-08-28 18:27:33.474203,4.09,,0,ML_CONTROL
2026-08-28 18:27:38.475042,5.73,,0,ML_CONTROL
2026-08-28 18:27:43.474691,5.18,,0,ML_CONTROL
2026-08-28 18:27:48.478231,5.08,,0,ML_CONTROL
2026-08-28 18:27:53.478654,4.53,,0,ML_CONTROL
2026-08-28 18:27:58.482400,4.14,,0,ML_CONTROL
2026-08-28 18:28:03.483812,5.73,,0,ML_CONTROL
2026-08-28 18:28:08.487146,4.8,,0,ML_CONTROL
2026-08-28 18:28:13.491038,5.65,,0,ML_CONTROL
2026-08-28 18:28:18.493557,4.96,,0,ML_CONTROL
2026-08-28 18:28:23.494183,4.47,,0,ML_CONTROL
2026-08-28 18:28:28.498153,4.88,,0,ML_CONTROL
2026-08-28 18:28:33.500142,4.66,,0,ML_CONTROL
2026-08-28 18:28:38.500587,5.83,,0,ML_CONTROL
2026-08-28 18:28:43.504093,4.43,,0,ML_CONTROL
2026-08-28 18:28:48.508115,4.25,,0,ML_CONTROL
2026-08-28 18:28:53.508774,5.69,,0,ML_CONTROL
2026-08-28 18:28:58.512119,5.14,,0,ML_CONTROL
2026-08-28 18:29:03.515112,4.74,,0,ML_CONTROL
2026-08-28 18:29:08.519345,5.06,,0,ML_CONTROL
2026-08-28 18:29:13.522064,4.16,,0,ML_CONTROL
2026-08-28 18:29:18.526046,4.83,,0,ML_CONTROL
2026-08-28 18:29:23.526299,5.55,,0,ML_CONTROL
2026-08-28 18:29:28.530934,5.37,,0,ML_CONTROL
2026-08-28 18:29:33.533043,5.48,,0,ML_CONTROL
2026-08-28 18:29:38.533225,5.94,,0,ML_CONTROL
2026-08-28 18:29:43.623078,4.84,,0,ML_CONTROL
2026-08-28 18:29:48.537087,4.88,,0,ML_CONTROL
2026-08-28 18:29:53.537666,4.41,,0,ML_CONTROL
2026-08-28 18:29:58.541121,5.89,,0,ML_CONTROL
2026-08-28 18:30:03.542172,4.52,,0,ML_CONTROL
2026-08-28 18:30:08.543348,5.88,,0,ML_CONTROL
2026-08-28 18:30:13.547412,4.19,,0,ML_CONTROL
2026-08-28 18:30:18.550081,4.97,,0,ML_CONTROL
2026-08-28 18:30:23.550655,4.99,,0,ML_CONTROL
2026-08-28 18:30:28.553121,5.27,,0,ML_CONTROL
2026-08-28 18:30:33.556688,5.13,,0,ML_CONTROL
2026-08-28 18:30:38.559082,4.49,,0,ML_CONTROL
2026-08-28 18:30:43.563417,4.75,,0,ML_CONTROL
2026-08-28 18:30:48.566026,4.32,,0,ML_CONTROL
2026-08-28 18:30:53.566790,5.98,,0,ML_CONTROL
2026-08-28 18:30:58.569654,5.96,,0,ML_CONTROL
2026-08-28 18:31:03.572086,5.11,,0,ML_CONTROL
2026-08-28 18:31:08.575056,4.28,,0,ML_CONTROL
2026-08-28 18:31:13.578260,5.82,,0,ML_CONTROL
2026-08-28 18:31:18.581451,4.31,,0,ML_CONTROL
2026-08-28 18:31:23.581357,5.36,,0,ML_CONTROL
2026-08-28 18:31:28.585119,5.15,,0,ML_CONTROL
2026-08-28 18:31:33.587409,5.48,,0,ML_CONTROL
2026-08-28 18:31:38.588026,5.2,,0,ML_CONTROL
2026-08-28 18:31:43.588554,5.39,,0,ML_CONTROL
2026-08-28 18:31:48.592175,5.98,,0,ML_CONTROL
2026-08-28 18:31:53.592619,4.92,,0,ML_CONTROL
2026-08-28 18:31:58.596140,5.47,,0,ML_CONTROL
2026-08-28 19:29:52.289068,27.5,28.3,2,PRE_COOLING
2026-08-28 19:29:52.483784,27.56,28.3,2,PRE_COOLING
2026-08-28 19:29:52.563090,27.56,28.4,2,PRE_COOLING
2026-08-28 19:30:04.777600,27.62,28.3,2,PRE_COOLING
2026-08-28 19:30:16.683161,27.75,28.3,2,PRE_COOLING
2026-08-28 19:30:28.993948,27.75,28.3,2,PRE_COOLING
2026-08-28 19:30:40.758098,27.81,28.3,2,PRE_COOLING
2026-08-28 19:30:52.665424,27.81,28.4,2,PRE_COOLING
2026-08-28 19:31:15.890101,27.87,28.4,2,PRE_COOLING
2026-08-28 19:31:28.195396,27.87,28.4,2,PRE_COOLING
2026-08-28 19:31:42.414022,27.87,28.5,2,PRE_COOLING
2026-08-28 19:31:54.188865,27.69,28.5,2,PRE_COOLING
2026-08-28 19:32:06.461431,27.37,28.5,2,PRE_COOLING
2026-08-28 19:32:18.213049,27.25,28.5,2,PRE_COOLING
2026-08-28 19:32:29.966610,27.13,28.5,2,PRE_COOLING
2026-08-28 19:32:42.175734,27.06,28.6,2,PRE_COOLING
2026-08-28 19:32:53.898478,27.06,28.6,2,PRE_COOLING
2026-08-28 19:33:05.633534,27.06,28.6,2,PRE_COOLING
2026-08-28 19:33:17.386599,27.06,28.6,2,PRE_COOLING
2026-08-28 19:33:29.171899,27.06,28.6,2,PRE_COOLING
2026-08-28 19:33:40.998389,27.13,28.6,2,PRE_COOLING
2026-08-28 19:33:52.810125,27.19,28.6,2,PRE_COOLING
2026-08-28 19:34:04.676387,27.25,28.6,2,PRE_COOLING
2026-08-28 19:34:16.510130,27.19,28.7,2,PRE_COOLING
2026-08-28 19:34:28.256611,27.19,28.6,2,PRE_COOLING
2026-08-28 19:34:40.600321,27.13,28.6,2,PRE_COOLING
2026-08-28 19:34:52.401296,27.13,28.6,2,PRE_COOLING
2026-08-28 19:35:04.158304,27.06,28.6,2,PRE_COOLING
2026-08-28 19:35:15.850553,27.0,28.6,2,PRE_COOLING
2026-08-28 19:35:28.346407,27.06,28.6,2,PRE_COOLING
2026-08-28 19:35:40.536617,27.13,28.6,2,PRE_COOLING
2026-08-28 19:35:52.321525,27.25,28.5,2,PRE_COOLING
2026-08-28 19:36:04.064327,27.31,28.5,2,PRE_COOLING
2026-08-28 19:36:16.299718,27.37,28.5,2,PRE_COOLING
2026-08-28 19:36:28.089718,27.44,28.5,2,PRE_COOLING
2026-08-28 19:36:39.810031,27.56,28.5,2,PRE_COOLING
2026-08-28 19:36:51.746208,27.56,28.5,2,PRE_COOLING
2026-08-28 19:37:03.524053,27.62,28.5,2,PRE_COOLING
2026-08-28 19:37:15.400280,27.62,28.5,2,PRE_COOLING
2026-08-28 19:37:27.254786,27.62,28.5,2,PRE_COOLING
2026-08-28 19:37:39.481036,27.69,28.5,2,PRE_COOLING
2026-08-28 19:37:53.501420,27.69,28.5,2,PRE_COOLING
2026-08-28 19:38:05.344260,27.69,28.5,2,PRE_COOLING
2026-08-28 19:38:17.150932,27.75,28.5,2,PRE_COOLING
2026-08-28 19:38:28.885613,27.69,28.5,2,PRE_COOLING
2026-08-28 19:38:40.662672,27.75,28.5,2,PRE_COOLING
2026-08-28 19:38:52.917150,27.75,28.5,2,PRE_COOLING
2026-08-28 19:39:04.925502,27.75,28.4,2,PRE_COOLING
2026-08-28 19:39:16.926638,27.75,28.4,2,PRE_COOLING
2026-08-28 19:39:29.175050,27.81,28.4,2,PRE_COOLING
2026-08-28 19:39:41.450755,27.75,28.4,2,PRE_COOLING
2026-08-28 19:39:53.770264,27.75,28.5,2,PRE_COOLING
2026-08-28 19:40:05.574016,27.75,28.4,2,PRE_COOLING
2026-08-28 19:40:17.381466,27.75,28.5,2,PRE_COOLING
2026-08-28 19:40:29.230090,27.81,28.5,2,PRE_COOLING
2026-08-28 19:40:41.351258,27.75,28.5,2,PRE_COOLING
2026-08-28 19:40:53.661889,27.81,28.4,2,PRE_COOLING
2026-08-28 19:41:05.965339,27.81,28.4,2,PRE_COOLING
2026-08-28 19:41:17.744945,27.81,28.5,2,PRE_COOLING
2026-08-28 19:41:29.614251,27.81,28.4,2,PRE_COOLING
2026-08-28 19:41:41.370383,27.81,28.5,2,PRE_COOLING
2026-08-28 19:41:53.194919,27.81,28.5,2,PRE_COOLING
2026-08-28 19:42:05.426132,27.81,28.4,2,PRE_COOLING
2026-08-28 19:42:17.241824,27.81,28.4,2,PRE_COOLING
2026-08-28 19:42:29.008472,27.87,28.4,2,PRE_COOLING
2026-08-28 19:42:40.820064,27.81,28.4,2,PRE_COOLING
2026-08-28 19:42:52.692153,27.81,28.4,2,PRE_COOLING
2026-08-28 19:43:04.523091,27.94,28.5,2,PRE_COOLING
2026-08-28 19:43:16.785295,28.0,28.5,2,PRE_COOLING
2026-08-28 19:43:28.670019,28.0,28.5,2,PRE_COOLING
2026-08-28 19:43:40.967587,28.19,28.5,2,PRE_COOLING
2026-08-28 19:43:52.813639,28.25,28.5,2,PRE_COOLING
2026-08-28 20:45:53.137536,22.45,28.5,2,PRE_COOLING
2026-08-28 20:45:53.242151,22.8,28.5,2,PRE_COOLING
2026-08-28 20:45:53.447274,23.15,28.5,2,PRE_COOLING
2026-08-28 20:45:54.912080,22.1,28.5,2,PRE_COOLING
2026-08-28 20:46:06.182296,21.75,28.5,2,PRE_COOLING
2026-08-28 20:46:17.412031,21.4,28.5,2,PRE_COOLING
2026-08-28 20:46:28.652895,21.05,28.5,2,PRE_COOLING
2026-08-28 20:46:39.875357,20.7,28.5,2,PRE_COOLING
2026-08-28 20:46:51.553349,20.35,28.5,2,PRE_COOLING
2026-08-28 20:47:03.301208,20.0,28.5,2,PRE_COOLING
2026-08-28 20:47:14.545022,19.65,28.5,2,PRE_COOLING
2026-08-28 20:47:26.329857,19.3,28.5,2,PRE_COOLING
2026-08-28 20:47:37.570317,18.95,28.5,2,PRE_COOLING
2026-08-28 20:47:48.782971,18.6,28.5,2,PRE_COOLING
2026-08-28 20:48:00.084885,18.25,28.5,2,PRE_COOLING
2026-08-28 20:48:11.277378,17.9,28.5,2,PRE_COOLING
2026-08-28 20:48:22.629991,17.55,28.5,2,PRE_COOLING
2026-08-28 20:48:34.284262,17.2,28.5,2,PRE_COOLING
2026-08-28 20:48:45.613190,16.85,28.5,2,PRE_COOLING
2026-08-28 20:48:56.924271,16.7,28.5,2,PRE_COOLING
2026-08-28 20:49:08.086671,16.7,28.5,2,PRE_COOLING
2026-08-28 20:49:19.824364,16.7,28.5,2,PRE_COOLING
2026-08-28 20:49:31.595527,16.7,28.5,2,PRE_COOLING
2026-08-28 20:49:42.864113,16.7,28.5,2,PRE_COOLING
2026-08-28 20:49:54.184198,16.7,28.5,2,PRE_COOLING
2026-08-28 20:50:05.457778,16.7,28.5,2,PRE_COOLING
2026-08-28 20:50:16.819652,16.7,28.5,2,PRE_COOLING
2026-08-28 20:50:28.460535,16.7,28.5,2,PRE_COOLING
2026-08-28 20:50:40.149020,16.7,28.5,2,PRE_COOLING
2026-08-28 20:50:51.381215,16.7,28.5,2,PRE_COOLING
2026-08-28 20:51:03.103527,16.7,28.5,2,PRE_COOLING
2026-08-28 20:51:14.318160,16.7,28.5,2,PRE_COOLING
2026-08-28 20:51:25.563039,16.7,28.5,2,PRE_COOLING
2026-08-28 20:51:36.743954,16.7,28.5,2,PRE_COOLING
2026-08-28 20:51:47.993291,16.7,28.5,2,PRE_COOLING
2026-08-28 20:51:59.614827,16.7,28.5,2,PRE_COOLING
2026-08-28 20:52:10.903359,16.7,28.5,2,PRE_COOLING
2026-08-28 20:52:22.148282,16.7,28.5,2,PRE_COOLING
2026-08-28 20:52:33.755579,16.7,28.5,2,PRE_COOLING
2026-08-28 20:52:44.915095,16.7,28.5,2,PRE_COOLING
2026-08-28 20:52:56.065319,16.7,28.5,2,PRE_COOLING
2026-08-28 20:53:07.227352,16.7,28.5,2,PRE_COOLING
2026-08-28 20:53:18.400341,16.7,28.5,2,PRE_COOLING
2026-08-28 20:53:29.571446,16.7,28.5,2,PRE_COOLING
2026-08-28 20:53:42.954079,16.7,28.5,2,PRE_COOLING
2026-08-28 20:53:54.133791,16.7,28.5,2,PRE_COOLING
2026-08-28 20:54:05.307366,16.7,28.5,2,PRE_COOLING
2026-08-28 20:54:16.624407,16.7,28.5,2,PRE_COOLING
2026-08-28 20:54:40.715189,27.0,28.1,2,PRE_COOLING
2026-08-28 20:54:52.439019,26.65,28.5,2,PRE_COOLING
2026-08-28 20:55:03.653718,26.3,27.6,2,PRE_COOLING
2026-08-28 20:55:15.443292,25.95,28.4,2,PRE_COOLING
2026-08-28 20:55:26.713362,25.6,29.4,2,PRE_COOLING
2026-08-28 20:55:37.933149,25.25,27.6,2,PRE_COOLING
2026-08-28 20:55:49.560807,24.9,27.8,2,PRE_COOLING
2026-08-28 20:56:00.777594,24.55,28.5,2,PRE_COOLING
2026-08-28 20:56:11.962611,24.2,28.1,2,PRE_COOLING
2026-08-28 20:56:23.200776,23.85,28.0,2,PRE_COOLING
2026-08-28 20:56:36.831389,23.5,28.6,2,PRE_COOLING
2026-08-28 20:56:48.049666,23.15,29.4,2,PRE_COOLING
2026-08-28 20:56:59.694351,22.8,28.4,2,PRE_COOLING
2026-08-28 20:57:10.863770,22.45,28.6,2,PRE_COOLING
2026-08-28 20:57:22.159396,22.1,28.7,2,PRE_COOLING
2026-08-28 20:57:33.353856,21.75,28.3,2,PRE_COOLING
2026-08-28 20:57:44.584803,21.4,29.0,2,PRE_COOLING
2026-08-28 20:57:55.787371,21.05,29.5,2,PRE_COOLING
2026-08-28 20:58:09.221031,20.7,28.0,2,PRE_COOLING
2026-08-28 20:58:22.294914,20.35,29.4,2,PRE_COOLING
2026-08-28 20:58:33.482367,20.0,27.9,2,PRE_COOLING
2026-08-28 20:58:44.675840,19.65,28.0,2,PRE_COOLING
2026-08-28 20:58:56.363758,19.3,29.2,2,PRE_COOLING
2026-08-28 20:59:08.059601,18.95,28.3,2,PRE_COOLING
2026-08-28 20:59:19.245690,18.6,29.0,2,PRE_COOLING
2026-08-28 20:59:30.446752,18.25,27.9,2,PRE_COOLING
2026-08-28 20:59:42.139937,17.9,28.1,2,PRE_COOLING
2026-08-28 20:59:53.822016,17.55,28.3,2,PRE_COOLING
2026-08-28 21:00:05.056087,17.2,28.9,2,PRE_COOLING
2026-08-28 21:00:16.710589,16.85,28.4,2,PRE_COOLING
2026-08-28 21:00:27.945340,16.7,28.7,2,PRE_COOLING
2026-08-28 21:00:39.603238,16.7,29.5,2,PRE_COOLING
2026-08-28 21:00:50.789047,16.7,28.4,2,PRE_COOLING
2026-08-28 21:01:02.489714,16.7,27.7,2,PRE_COOLING
2026-08-28 21:01:13.727790,16.7,28.5,2,PRE_COOLING
2026-08-28 21:01:25.496930,16.7,28.9,2,PRE_COOLING
2026-08-28 21:01:36.825777,16.7,27.5,2,PRE_COOLING
2026-08-28 21:01:48.001870,16.7,27.8,2,PRE_COOLING
2026-08-28 21:01:59.333033,16.7,28.4,2,PRE_COOLING
2026-08-28 21:02:11.037338,16.7,28.8,2,PRE_COOLING
2026-08-28 21:02:22.244138,16.7,28.7,2,PRE_COOLING
2026-08-28 21:02:33.462188,16.7,28.9,2,PRE_COOLING
2026-08-28 21:02:45.528594,16.7,27.7,2,PRE_COOLING
2026-08-28 21:02:57.504819,16.7,28.4,2,PRE_COOLING
2026-08-28 21:03:08.702207,16.7,28.7,2,PRE_COOLING
2026-08-28 21:03:19.914188,16.7,28.5,2,PRE_COOLING
2026-08-28 21:03:31.135451,16.7,28.1,2,PRE_COOLING
2026-08-28 21:03:42.372083,16.7,27.8,2,PRE_COOLING
2026-08-28 21:03:53.696317,16.7,27.5,2,PRE_COOLING
2026-08-28 21:04:04.906321,16.7,29.0,2,PRE_COOLING
2026-08-28 21:04:16.513326,16.7,27.6,2,PRE_COOLING
2026-08-28 21:04:27.692554,16.7,28.0,2,PRE_COOLING
2026-08-28 21:04:39.338884,16.7,28.0,2,PRE_COOLING
2026-08-28 21:04:51.073210,16.7,28.2,2,PRE_COOLING
2026-08-28 21:05:02.298597,16.7,29.3,2,PRE_COOLING
2026-08-28 21:05:13.492734,16.7,28.7,2,PRE_COOLING
2026-08-28 21:05:24.696745,16.7,28.1,2,PRE_COOLING
2026-08-28 21:05:35.958208,16.7,27.5,2,PRE_COOLING
2026-08-28 21:05:47.135145,16.7,28.7,2,PRE_COOLING
2026-08-28 21:05:58.343275,16.7,28.4,2,PRE_COOLING
2026-08-28 21:06:09.646034,16.7,28.3,2,PRE_COOLING
2026-08-28 21:06:20.862655,16.7,29.5,2,PRE_COOLING
2026-08-28 21:06:32.058751,16.7,29.2,2,PRE_COOLING
2026-08-28 21:06:43.841436,16.7,28.3,2,PRE_COOLING
2026-08-28 21:06:55.169265,16.7,27.8,2,PRE_COOLING
2026-08-28 21:07:06.511446,16.7,27.9,2,PRE_COOLING
2026-08-28 21:07:17.733409,16.7,27.9,2,PRE_COOLING
2026-08-28 21:07:28.910047,16.7,28.3,2,PRE_COOLING
2026-08-28 21:07:40.237741,16.7,28.7,2,PRE_COOLING
2026-08-28 21:07:51.468716,16.7,29.4,2,PRE_COOLING
2026-08-28 21:08:02.789060,16.7,28.6,2,PRE_COOLING
2026-08-28 21:08:14.004052,16.7,29.2,2,PRE_COOLING
2026-08-28 21:08:27.406786,16.7,28.1,2,PRE_COOLING
2026-08-28 21:08:39.085243,16.7,29.1,2,PRE_COOLING
2026-08-28 21:08:50.319059,16.7,27.7,2,PRE_COOLING
2026-08-28 21:09:01.651401,16.7,28.8,2,PRE_COOLING
2026-08-28 21:09:12.905839,16.7,27.5,2,PRE_COOLING
2026-08-28 21:09:24.133889,16.7,28.0,2,PRE_COOLING
2026-08-28 21:09:35.396263,16.7,29.1,2,PRE_COOLING
2026-08-28 21:09:47.189703,16.7,27.5,2,PRE_COOLING
2026-08-28 21:10:00.051569,16.7,28.5,2,PRE_COOLING
2026-08-28 21:10:11.333129,16.7,28.8,2,PRE_COOLING
2026-08-28 21:10:22.615828,16.7,27.5,2,PRE_COOLING
2026-08-28 21:10:33.875066,16.7,28.6,2,PRE_COOLING
2026-08-28 21:10:45.279983,16.7,27.5,2,PRE_COOLING
2026-08-28 21:10:56.607995,16.7,27.6,2,PRE_COOLING
2026-08-28 21:11:08.500626,16.7,29.5,2,PRE_COOLING
2026-08-28 21:11:20.264989,16.7,27.5,2,PRE_COOLING
2026-08-28 21:11:31.550644,16.7,28.4,2,PRE_COOLING
2026-08-28 21:11:42.836328,16.7,27.7,2,PRE_COOLING
2026-08-28 21:11:54.493268,16.7,29.5,2,PRE_COOLING
2026-08-28 21:12:23.132780,27.69,28.3,2,PRE_COOLING
2026-08-28 21:12:34.862175,27.62,28.2,2,PRE_COOLING
2026-08-28 21:12:46.690814,27.62,28.2,2,PRE_COOLING
2026-08-28 21:12:58.540071,27.62,28.2,2,PRE_COOLING
2026-08-28 21:13:10.394245,27.62,28.2,2,PRE_COOLING
2026-08-28 21:13:22.256543,27.62,28.2,2,PRE_COOLING
2026-08-28 21:13:34.540053,27.62,28.2,2,PRE_COOLING
2026-08-28 21:13:46.295149,27.62,28.2,2,PRE_COOLING
2026-08-28 21:13:58.071736,27.62,28.2,2,PRE_COOLING
2026-08-28 21:14:09.918239,27.62,28.2,2,PRE_COOLING
2026-08-28 21:14:22.231123,27.62,28.2,2,PRE_COOLING
2026-08-28 21:14:33.981805,27.62,28.2,2,PRE_COOLING
2026-08-28 21:14:45.793176,27.62,28.2,2,PRE_COOLING
2026-08-28 21:14:57.592622,27.62,28.2,2,PRE_COOLING
2026-08-28 21:15:09.445110,27.62,28.3,2,PRE_COOLING
2026-08-28 21:15:21.141218,27.62,28.2,2,PRE_COOLING
2026-08-28 21:15:33.285954,27.62,28.2,2,PRE_COOLING
2026-08-28 21:15:45.529625,27.62,28.2,2,PRE_COOLING
2026-08-28 21:15:57.254037,27.62,28.2,2,PRE_COOLING
2026-08-28 21:16:09.133138,27.62,28.3,2,PRE_COOLING
2026-08-28 21:16:20.916227,27.62,28.2,2,PRE_COOLING
2026-08-28 21:16:32.631799,27.62,28.2,2,PRE_COOLING
2026-08-28 21:16:44.513191,27.62,28.2,2,PRE_COOLING
2026-08-28 21:16:56.309052,27.62,28.2,2,PRE_COOLING
2026-08-28 21:17:08.601328,27.62,28.2,2,PRE_COOLING
2026-08-28 21:17:20.811566,27.62,28.2,2,PRE_COOLING
2026-08-28 21:17:32.651063,27.62,28.2,2,PRE_COOLING
2026-08-28 21:17:44.452423,27.62,28.2,2,PRE_COOLING
2026-08-28 21:17:56.319337,27.62,28.2,2,PRE_COOLING
2026-08-28 21:18:08.145982,27.62,28.2,2,PRE_COOLING
2026-08-28 21:18:20.308039,27.62,28.2,2,PRE_COOLING
2026-08-28 21:18:32.081605,27.62,28.2,2,PRE_COOLING
2026-08-28 21:18:43.809056,27.62,28.2,2,PRE_COOLING
2026-08-28 21:18:55.736261,27.62,28.2,2,PRE_COOLING
2026-08-28 21:19:07.524562,27.62,28.3,2,PRE_COOLING
2026-08-28 21:19:19.744386,27.62,28.2,2,PRE_COOLING
2026-08-28 21:19:31.498760,27.62,28.3,2,PRE_COOLING
2026-08-28 21:19:43.281331,27.62,28.2,2,PRE_COOLING
2026-08-28 21:19:55.059819,27.62,28.2,2,PRE_COOLING
2026-08-28 21:20:07.357352,27.62,28.2,2,PRE_COOLING
2026-08-28 21:20:19.165711,27.62,28.3,2,PRE_COOLING
2026-08-28 21:20:31.007314,27.62,28.2,2,PRE_COOLING
2026-08-28 21:20:42.801816,27.62,28.3,2,PRE_COOLING
2026-08-28 21:20:54.531639,27.62,28.3,2,PRE_COOLING
2026-08-28 21:21:06.301638,27.62,28.2,2,PRE_COOLING
2026-08-28 21:21:18.072006,27.62,28.2,2,PRE_COOLING
2026-08-28 21:29:47.107279,27.62,28.3,2,PRE_COOLING
2026-08-28 21:29:59.541446,27.62,28.2,2,PRE_COOLING
2026-08-28 21:30:11.960201,27.62,28.2,2,PRE_COOLING
2026-08-28 21:30:24.393061,27.62,28.2,2,PRE_COOLING
2026-08-28 21:30:37.317927,27.62,28.1,2,PRE_COOLING
2026-08-28 21:30:49.711798,27.62,28.2,2,PRE_COOLING
